center_x,center_y,C_scANVI,cell_id
2.0,3.0,Stromal,115740
41.0,2.0,DCIS 1,115789
45.0,2.0,DCIS 2,115796
57.0,1.0,Myoepi ACTA2+,115816
87.0,6.0,Macrophages 1,115838
91.0,1.0,Myoepi ACTA2+,115843
142.0,2.0,Stromal,115898
164.0,3.0,DCIS 2,115926
1.0,167.0,Endothelial,116622
3.0,114.0,CD8+ T Cells,116624
2.0,4.0,Perivascular-Like,116625
6.0,13.0,CD8+ T Cells,116630
6.0,179.0,Perivascular-Like,116631
7.0,41.0,Stromal,116633
6.0,139.0,CD8+ T Cells,116635
7.0,189.0,CD4+ T Cells,116636
9.0,81.0,Stromal,116637
8.0,148.0,Macrophages 1,116638
9.0,7.0,Macrophages 1,116641
9.0,172.0,Macrophages 1,116644
14.0,40.0,Stromal,116647
12.0,163.0,Stromal,116650
14.0,14.0,Macrophages 1,116652
15.0,154.0,Macrophages 2,116654
14.0,169.0,CD8+ T Cells,116655
17.0,188.0,CD4+ T Cells,116658
20.0,175.0,Stromal,116663
20.0,198.0,CD8+ T Cells,116664
22.0,52.0,B Cells,116671
25.0,4.0,DCIS 1,116672
24.0,172.0,B Cells,116674
25.0,15.0,Myoepi ACTA2+,116677
26.0,138.0,Stromal,116678
27.0,19.0,Myoepi ACTA2+,116680
26.0,189.0,Endothelial,116682
26.0,9.0,DCIS 2,116683
26.0,148.0,Macrophages 1,116684
30.0,195.0,CD4+ T Cells,116688
33.0,29.0,Myoepi ACTA2+,116690
32.0,71.0,Macrophages 1,116691
32.0,185.0,Stromal,116692
34.0,169.0,Mast Cells,116695
36.0,101.0,Myoepi ACTA2+,116696
35.0,107.0,Myoepi ACTA2+,116697
36.0,124.0,Myoepi ACTA2+,116698
38.0,49.0,Macrophages 1,116701
38.0,20.0,DCIS 1,116703
38.0,175.0,CD8+ T Cells,116704
41.0,37.0,Stromal,116705
38.0,56.0,B Cells,116707
41.0,92.0,DCIS 1,116708
39.0,145.0,Stromal,116709
43.0,6.0,DCIS 1,116710
45.0,186.0,Macrophages 1,116717
44.0,162.0,CD4+ T Cells,116718
46.0,104.0,DCIS 1,116720
44.0,197.0,CD8+ T Cells,116721
49.0,53.0,Macrophages 1,116723
49.0,79.0,Invasive Tumor,116727
48.0,134.0,Myoepi ACTA2+,116729
48.0,98.0,Myoepi KRT15+,116730
49.0,148.0,Stromal,116731
48.0,31.0,Myoepi ACTA2+,116733
49.0,19.0,Myoepi ACTA2+,116737
52.0,125.0,Myoepi KRT15+,116738
52.0,90.0,DCIS 1,116740
53.0,163.0,Endothelial,116743
53.0,155.0,CD8+ T Cells,116744
53.0,189.0,Macrophages 1,116747
55.0,171.0,Perivascular-Like,116749
58.0,31.0,DCIS 1,116750
57.0,168.0,Perivascular-Like,116751
56.0,178.0,Stromal,116752
54.0,192.0,Macrophages 1,116753
58.0,103.0,DCIS 1,116756
56.0,187.0,Macrophages 1,116757
57.0,146.0,Stromal,116758
56.0,1.0,DCIS 2,116759
58.0,40.0,Stromal,116760
58.0,196.0,CD8+ T Cells,116761
60.0,13.0,DCIS 1,116763
59.0,71.0,Stromal,116764
64.0,131.0,DCIS 1,116772
63.0,61.0,Stromal,116773
67.0,155.0,Macrophages 1,116775
63.0,52.0,Stromal,116776
65.0,172.0,Endothelial,116777
65.0,167.0,CD4+ T Cells,116781
65.0,141.0,Myoepi KRT15+,116783
65.0,181.0,CD8+ T Cells,116784
69.0,57.0,Stromal,116786
70.0,89.0,DCIS 1,116787
69.0,117.0,CD8+ T Cells,116789
69.0,2.0,DCIS 1,116793
74.0,19.0,DCIS 1,116799
73.0,199.0,CD4+ T Cells,116800
74.0,78.0,Myoepi KRT15+,116802
77.0,38.0,Myoepi ACTA2+,116803
77.0,105.0,DCIS 1,116805
79.0,49.0,Stromal,116810
79.0,92.0,DCIS 1,116811
79.0,168.0,Stromal,116814
82.0,70.0,DCIS 1,116815
80.0,175.0,Stromal,116817
83.0,114.0,DCIS 1,116821
84.0,6.0,Myoepi ACTA2+,116822
83.0,199.0,CD4+ T Cells,116823
84.0,132.0,Myoepi ACTA2+,116824
83.0,85.0,Myoepi KRT15+,116826
89.0,13.0,Myoepi ACTA2+,116831
85.0,98.0,DCIS 1,116832
87.0,178.0,Stromal,116833
87.0,30.0,DCIS 1,116834
86.0,195.0,B Cells,116837
90.0,78.0,Myoepi KRT15+,116838
91.0,121.0,Myoepi ACTA2+,116840
90.0,98.0,DCIS 1,116843
93.0,110.0,DCIS 1,116846
93.0,34.0,Myoepi ACTA2+,116848
92.0,161.0,Perivascular-Like,116851
92.0,194.0,CD4+ T Cells,116852
96.0,73.0,DCIS 1,116854
95.0,101.0,DCIS 1,116856
94.0,154.0,DCIS 1,116857
97.0,143.0,Myoepi ACTA2+,116858
99.0,122.0,DCIS 1,116865
101.0,93.0,DCIS 1,116870
99.0,43.0,Myoepi ACTA2+,116871
99.0,182.0,Stromal,116874
99.0,171.0,Stromal,116875
101.0,8.0,Myoepi KRT15+,116876
103.0,127.0,Myoepi ACTA2+,116877
102.0,163.0,Myoepi ACTA2+,116878
105.0,110.0,DCIS 1,116883
107.0,170.0,Myoepi KRT15+,116886
108.0,75.0,Myoepi ACTA2+,116887
107.0,16.0,Myoepi ACTA2+,116889
109.0,159.0,Myoepi ACTA2+,116895
114.0,49.0,Macrophages 1,116898
112.0,181.0,Myoepi ACTA2+,116900
113.0,105.0,DCIS 1,116901
114.0,39.0,Myoepi ACTA2+,116905
114.0,159.0,Myoepi KRT15+,116909
119.0,82.0,DCIS 1,116912
118.0,20.0,Myoepi ACTA2+,116913
119.0,166.0,Myoepi KRT15+,116914
117.0,149.0,Myoepi ACTA2+,116915
120.0,190.0,Myoepi ACTA2+,116916
119.0,116.0,Myoepi ACTA2+,116920
122.0,93.0,DCIS 1,116922
121.0,142.0,Myoepi ACTA2+,116923
121.0,177.0,CD8+ T Cells,116925
122.0,173.0,DCIS 1,116929
123.0,149.0,Myoepi ACTA2+,116932
124.0,114.0,Endothelial,116935
127.0,56.0,Stromal,116940
129.0,154.0,Myoepi KRT15+,116946
129.0,20.0,Perivascular-Like,116947
129.0,74.0,DCIS 1,116949
130.0,191.0,Myoepi ACTA2+,116952
132.0,112.0,Endothelial,116954
138.0,124.0,Stromal,116960
137.0,172.0,Myoepi ACTA2+,116961
135.0,17.0,Endothelial,116962
138.0,7.0,Perivascular-Like,116965
138.0,78.0,Myoepi ACTA2+,116969
137.0,91.0,DCIS 1,116970
139.0,192.0,Myoepi KRT15+,116974
139.0,39.0,Stromal,116978
139.0,69.0,Myoepi ACTA2+,116979
139.0,86.0,Myoepi ACTA2+,116980
139.0,54.0,Endothelial,116981
141.0,100.0,Stromal,116986
142.0,134.0,Stromal,116987
144.0,199.0,Myoepi ACTA2+,116990
146.0,111.0,Endothelial,116991
144.0,56.0,Endothelial,116996
144.0,11.0,Stromal,116999
149.0,31.0,B Cells,117005
151.0,191.0,DCIS 1,117007
152.0,94.0,Stromal,117011
154.0,128.0,Stromal,117013
154.0,22.0,Macrophages 1,117015
152.0,50.0,B Cells,117016
154.0,64.0,Stromal,117017
154.0,4.0,Stromal,117018
153.0,55.0,Macrophages 1,117021
155.0,162.0,DCIS 2,117025
163.0,73.0,Stromal,117031
161.0,177.0,Myoepi KRT15+,117033
161.0,191.0,Myoepi ACTA2+,117040
161.0,81.0,Stromal,117042
164.0,20.0,DCIS 1,117044
163.0,6.0,DCIS 1,117045
166.0,108.0,Macrophages 1,117046
167.0,182.0,Myoepi ACTA2+,117052
170.0,5.0,DCIS 1,117057
170.0,126.0,CD8+ T Cells,117062
173.0,162.0,Stromal,117066
176.0,17.0,DCIS 1,117070
174.0,120.0,B Cells,117071
174.0,31.0,DCIS 1,117073
175.0,40.0,DCIS 1,117075
175.0,144.0,Macrophages 1,117078
176.0,178.0,Stromal,117082
191.0,1.0,DCIS 1,127479
179.0,41.0,Invasive Tumor,127822
178.0,144.0,Macrophages 1,127836
178.0,32.0,DCIS 2,127839
178.0,179.0,Stromal,127841
180.0,169.0,Stromal,127846
182.0,176.0,Stromal,127850
183.0,99.0,Stromal,127857
186.0,56.0,Stromal,127860
188.0,74.0,Stromal,127861
185.0,112.0,Stromal,127863
188.0,48.0,DCIS 1,127864
190.0,29.0,DCIS 1,127869
190.0,128.0,Endothelial,127874
191.0,5.0,DCIS 1,127875
193.0,197.0,CD8+ T Cells,127883
193.0,114.0,CD4+ T Cells,127887
196.0,61.0,Stromal,127889
